{
  "root": true,
  "ignorePatterns": [
    "projects/**/*"
  ],
  "overrides": [
    {
      "files": [
        "*.ts"
      ],
      "extends": [
        "eslint:recommended",
        "@typescript-eslint/recommended",
        "@typescript-eslint/recommended-requiring-type-checking",
        "prettier"
      ],
      "parserOptions": {
        "project": [
          "tsconfig.json"
        ],
        "createDefaultProgram": true
      },
      "rules": {
        "@typescript-eslint/no-unused-vars": ["error", { "argsIgnorePattern": "^_" }],
        "@typescript-eslint/explicit-function-return-type": "warn",
        "@typescript-eslint/no-explicit-any": "warn",
        "@typescript-eslint/prefer-const": "error",
        "@typescript-eslint/no-inferrable-types": "error",
        "prefer-const": "error",
        "no-var": "error",
        "no-console": ["warn", { "allow": ["warn", "error"] }],
        "eqeqeq": ["error", "always"],
        "curly": "error"
      }
    },
    {
      "files": [
        "*.html"
      ],
      "extends": [
        "plugin:@angular-eslint/template/recommended"
      ],
      "rules": {
        "@angular-eslint/template/banana-in-box": "error",
        "@angular-eslint/template/no-negated-async": "error"
      }
    },
    {
      "files": [
        "*.spec.ts"
      ],
      "rules": {
        "@typescript-eslint/no-explicit-any": "off",
        "@typescript-eslint/no-non-null-assertion": "off"
      }
    }
  ]
}